Comment,Designator,Footprint,JLCPCB Part #（optional）,,,
CONN_02X20,P1,96boards:Pin_Header_SMD_2x20_Pitch2mm,C19712251,87759-4051,,
CONN_02X30,P3,96boards:61083-063400LF,C3648230,61083-064400LF,,
SFP+,"J1_CAGE,J2_CAGE,J3_CAGE,J4_CAGE,J5_CAGE,J6_CAGE",spark:molex-sfp-plus-747540-101,C9900092384,74754-0101,,
SFP+,"J1,J2,J3,J4,J5,J6",spark:molex-sfp-plus-747540-101,C2897291,74441-0001,,
10K,"R102,R103,R105,R106,R107,R202,R203,R205,R206,R207,R302,R303,R305,R306,R307,R402,R403,R405,R406,R407,R502,R503,R505,R506,R507,R602,R603,R605,R606,R607,R9,R2",Resistor_SMD:R_0402_1005Metric,C25744,CRCW040210K0FKEDC,,
100nF,"C1,C102,C104,C101,C103,C202,C204,C201,C203,C302,C304,C301,C303,C402,C404,C401,C403,C502,C504,C501,C503,C602,C604,C601,C603",Capacitor_SMD:C_0402_1005Metric,C1525,885012205037,,
Barrel_Jack,J10,spark:PJ1-021-SMT-TR,C3094087,PJ1-021-SMT-TR,,
4.7uH,"L102,L101,L202,L201,L302,L301,L402,L401,L502,L501,L602,L601",Inductor_SMD:L_1210_3225Metric,C250185,CM322522-4R7JL,,
22uF,"C106,C105,C8,C206,C205,C306,C305,C406,C405,C506,C505,C606,C605",Capacitor_SMD:C_1210_3225Metric,C21397,F931C226MBAAJ6,,
ADM_LED,"D101,D201,D301,D401,D501,D601",LED_SMD:LED_0402_1005Metric,C364551 ,"150040VS73240",,
1K,"R101,R104,R201,R204,R301,R304,R401,R404,R501,R504,R601,R604",Resistor_SMD:R_0402_1005Metric,C11702,RR0510P-102-D,,
ALARM_LED,"D102,D202,D302,D402,D502,D602",LED_SMD:LED_0402_1005Metric,C5354973,"
150040VS73240",,
330uF,C7,Capacitor_Tantalum_SMD:CP_EIA-7343-31_Kemet-D,C122311,T491D227M016AT,,
220uF,C9,Capacitor_Tantalum_SMD:CP_EIA-7343-31_Kemet-D,C122311,T491D227M016AT,,
Conn_02x20_Odd_Even,P2,96boards:Socket_Strip_SMD_2x20_Pitch2mm,C5423000,55510-140LF,,
Conn_02x30_Odd_Even,J8,Connector_PinHeader_2.00mm:PinHeader_2x30_P2.00mm_Vertical_SMD,C2883188,TMM-130-01-L-D-SM,,
Conn_02x20_Odd_Even,"P5,P4",Connector_PinHeader_2.54mm:PinHeader_2x20_P2.54mm_Vertical_SMD,C9900041223,M20-7812045,,
SW_DIP_x06,SW2,Button_Switch_SMD:SW_DIP_SPSTx06_Slide_Omron_A6H-6101_W6.15mm_P1.27mm,C2758168,A6H-6101,,
CONN_02X30,P6,spark:5177983-2,C3648151,1-5177983-2,,
SW_Push,SW1,Button_Switch_THT:SW_Tactile_SPST_Angled_PTS645Vx83-2LFS,C285520,PTS645VK582LFS,,
13.3K,R1,Resistor_SMD:R_0402_1005Metric,C852521,ERA-2AEB1332X,,
LTM4624IY#PBF ,U1,,C108017,LTM4624IY#PBF,,
PCA9306,U2,Package_SO:SO-8_3.9x4.9mm_P1.27mm,C2677369,PCA9306D,118,,
4K7,"R3,R4,R6,R7",Resistor_SMD:R_0402_1005Metric,C25900,CRCW04024K70FKED,,
200K,R5,Resistor_SMD:R_0402_1005Metric,C25764 ,AC0402FR-7W200KL,,
Conn_02x07_Odd_Even,"J14,J15,J9,J11",PinSocket_2x07_P2.00mm_Vertical_SMD,C2684773,M20-7810745,,
SW_DIP_x01,SW4,Connector_PinHeader_2.54mm:PinHeader_1x02_P2.54mm_Vertical,C492401,87224-2,,
7K15,R10,Resistor_SMD:R_0402_1005Metric,C409927,CR0402-FX-7151GLF,,
