Designator,Mid X,Mid Y,Layer,Rotation
C101,-128.4,25.3,bottom,0
C102,-128.4,41.5,bottom,0
C103,-141.5,39,bottom,90
C104,-140,39,bottom,90
C105,-129.3,30.75,bottom,180
C106,-129.3,36,bottom,180
C201,-104.4,25.3,bottom,0
C202,-104.4,41.5,bottom,0
C203,-117.5,39,bottom,90
C204,-116,39,bottom,90
C205,-105.3,30.75,bottom,180
C206,-105.3,36,bottom,180
C301,-80.4,25.3,bottom,0
C302,-80.4,41.5,bottom,0
C303,-93.5,39,bottom,90
C304,-92,39,bottom,90
C305,-81.3,30.75,bottom,180
C306,-81.3,36,bottom,180
C401,-56.4,25.3,bottom,0
C402,-56.4,41.5,bottom,0
C403,-69.5,39,bottom,90
C404,-68,39,bottom,90
C405,-57.3,30.75,bottom,180
C406,-57.3,36,bottom,180
C501,-32.4,25.3,bottom,0
C502,-32.4,41.5,bottom,0
C503,-45.5,39,bottom,90
C504,-44,39,bottom,90
C505,-33.3,30.75,bottom,180
C506,-33.3,36,bottom,180
C601,-8.4,25.3,bottom,0
C602,-8.4,41.5,bottom,0
C603,-21.5,39,bottom,90
C604,-20,39,bottom,90
C605,-9.3,30.75,bottom,180
C606,-9.3,36,bottom,180
L101,-129.3,27.5,bottom,0
L102,-129.3,39.3,bottom,0
L201,-105.3,27.5,bottom,0
L202,-105.3,39.3,bottom,0
L301,-81.3,27.5,bottom,0
L302,-81.3,39.3,bottom,0
L401,-57.3,27.5,bottom,0
L402,-57.3,39.3,bottom,0
L501,-33.3,27.5,bottom,0
L502,-33.3,39.3,bottom,0
L601,-9.3,27.5,bottom,0
L602,-9.3,39.3,bottom,0
R106,-130.4,25.3,bottom,0
R107,-130.4,41.5,bottom,0
R206,-106.4,25.3,bottom,0
R207,-106.4,41.5,bottom,0
R306,-82.4,25.3,bottom,0
R307,-82.4,41.5,bottom,0
R406,-58.4,25.3,bottom,0
R407,-58.4,41.5,bottom,0
R506,-34.4,25.3,bottom,0
R507,-34.4,41.5,bottom,0
R606,-10.4,25.3,bottom,0
R607,-10.4,41.5,bottom,0
C1,54.2,100.5,top,90
C7,44.05,88.55,top,90
C8,39.55,86.8,top,90
C9,40,98,top,-90
D101,145.8,45.8,top,-90
D102,136.2,45.8,top,-90
D201,121.8,45.8,top,-90
D202,112.2,45.8,top,-90
D301,97.8,45.8,top,-90
D302,88.2,45.8,top,-90
D401,73.8,45.8,top,-90
D402,64.2,45.8,top,-90
D501,49.8,45.8,top,-90
D502,40.2,45.8,top,-90
D601,25.8,45.8,top,-90
D602,16.2,45.8,top,-90
J1,141,41,top,90
J2,117,41,top,90
J3,93,41,top,90
J4,69,41,top,90
J5,45,41,top,90
J6,21,41,top,90
J8,118,73.415,top,-90
J9,76,80,top,90
J10,61,105,top,0
J11,76,98,top,90
J14,24,80,top,90
J15,24,98,top,90
P1,247,49,top,-90
P2,247,60,top,-90
P3,224.25,15.45,top,180
P4,119,105,top,90
P5,205,105,top,90
P6,224.25,93.55,top,180
R1,51.7,103.1,top,0
R2,54.2,98.2,top,90
R3,215.505,65.9,top,90
R4,214.235,65.9,top,90
R5,211.695,75.5,top,-90
R6,214.235,75.5,top,-90
R7,215.505,75.5,top,-90
R9,63.4,78.5,top,-90
R10,64.6,78.5,top,90
R101,146.8,45.8,top,-90
R102,143,79.5,top,-90
R103,142,79.5,top,-90
R104,135.1,45.8,top,-90
R105,141,79.5,top,-90
R201,122.8,45.8,top,-90
R202,133,79.491394,top,-90
R203,132,79.5,top,-90
R204,111.1,45.8,top,-90
R205,131,79.5,top,-90
R301,98.8,45.8,top,-90
R302,123,79.5,top,-90
R303,122,79.5,top,-90
R304,87.1,45.8,top,-90
R305,121,79.5,top,-90
R401,74.8,45.8,top,-90
R402,113,79.5,top,-90
R403,112,79.5,top,-90
R404,63.1,45.8,top,-90
R405,111,79.5,top,-90
R501,50.8,45.8,top,-90
R502,103,79.5,top,-90
R503,102,79.5,top,-90
R504,39.1,45.8,top,-90
R505,101,79.5,top,-90
R601,26.8,45.8,top,-90
R602,93,79.5,top,-90
R603,92,79.5,top,-90
R604,15.1,45.8,top,-90
R605,91,79.5,top,-90
SW1,163,3,top,180
SW2,92,92,top,90
SW4,48.5,91.3,top,90
U1,49.9,98.7,top,-90
U2,213.6,70.7,top,90
J1_CAGE,141,41,top,90
J2_CAGE,117,41,top,90
J3_CAGE,93,41,top,90
J4_CAGE,69,41,top,90
J5_CAGE,45,41,top,90
J6_CAGE,21,41,top,90
